experiment_mode,strategy,scope,role,member_id,model_type,seed,MSE,MAE,MAPE (%),RMSE,train_loss_final,val_loss_final,runtime_sec,status,error
parallel_independent,ffill,base_members_half1,member,gru_seed0,gru,0.0,0.011694748648628572,0.029805522831805098,3.3280598690294783,0.1081422611592183,0.0006426421208244689,0.00029128207825124264,10.826800359000117,ok,
parallel_independent,ffill,base_members_half1,member,gru_seed1,gru,1.0,0.011930533250026997,0.034832008178085246,3.402019618149886,0.10922698041247408,0.000644042249566147,0.0002910927578341216,10.77936010600024,ok,
parallel_independent,ffill,base_members_half1,member,gru_seed2,gru,2.0,0.012512206467211736,0.04779716721769364,7.77586445102508,0.11185797453562145,0.0006251013702457329,0.0004083255771547556,10.71866040399982,ok,
parallel_independent,ffill,base_members_half1,member,gru_seed3,gru,3.0,0.01219259926118808,0.0338260652946701,2.6053632473109403,0.11042010351918748,0.0006407317555506546,0.0002924931759480387,10.718979993000175,ok,
parallel_independent,ffill,base_members_half1,member,gru_seed4,gru,4.0,0.012031564126506945,0.029708314005989618,3.322976393636265,0.10968848675456758,0.0006407532533091149,0.00029129351605661213,10.545550253000329,ok,
parallel_independent,ffill,base_members_half1,member,rnn_seed0,rnn,0.0,0.01435518941039856,0.07202846303127108,10.892743653487882,0.11981314372972007,0.0006621501872633312,0.0005546887405216694,6.6639002370002345,ok,
parallel_independent,ffill,base_members_half1,member,rnn_seed1,rnn,1.0,0.012396692222018555,0.033901812148564005,3.477538723650054,0.11134043390439322,0.0006614463678987407,0.00030716051696799695,6.356266797999524,ok,
parallel_independent,ffill,base_members_half1,member,rnn_seed2,rnn,2.0,0.01276746264602317,0.04187834671474375,5.146831479173499,0.11299319734401346,0.0006683388448790884,0.00031731848139315844,6.389348933000292,ok,
parallel_independent,ffill,base_members_half1,member,rnn_seed3,rnn,3.0,0.012133472726146299,0.03682984118754008,4.926586906848216,0.11015204367666674,0.0006820622385721355,0.00031766531174071133,6.513347338999665,ok,
parallel_independent,ffill,base_members_half1,member,rnn_seed4,rnn,4.0,0.013648259913882858,0.04583337279360114,4.18934334403403,0.11682576733701712,0.0006596822742110302,0.00033083115704357624,6.372036258999287,ok,
parallel_independent,ffill,base_members_half1,member,lstm_seed0,lstm,0.0,0.011798567133303494,0.026684401305629237,2.971720833300182,0.10862120940821592,0.0006284643497678092,0.00028762462898157537,7.341964915000062,ok,
parallel_independent,ffill,base_members_half1,member,lstm_seed1,lstm,1.0,0.011747599491396322,0.025071780672763916,2.1415054283033492,0.1083863436572907,0.0006427540215594716,0.00028041054611094296,7.278869407000457,ok,
parallel_independent,ffill,base_members_half1,member,lstm_seed2,lstm,2.0,0.01231659068520171,0.03126835530151347,4.046288638740871,0.11098013644432822,0.0006440148416938017,0.0003239211509935558,7.355788195999594,ok,
parallel_independent,ffill,base_members_half1,member,lstm_seed3,lstm,3.0,0.014217067973639462,0.0676089981105691,8.586442608822557,0.1192353469976058,0.0006437601209292342,0.0004150554595980793,7.45886241900007,ok,
parallel_independent,ffill,base_members_half1,member,lstm_seed4,lstm,4.0,0.011782245867032004,0.024382444136442784,1.93262957066439,0.1085460541292589,0.0006325444115983993,0.00028152746381238103,7.3797804120004,ok,
parallel_independent,ffill,base_members_half1,member,mlp_seed0,mlp,0.0,0.012659560269854979,0.03543499644250236,2.8953032780653545,0.11251471134858312,0.0006522518451594356,0.0002983596932608634,3.2697615839997525,ok,
parallel_independent,ffill,base_members_half1,member,mlp_seed1,mlp,1.0,0.012044806289463894,0.02771335805494939,2.0753636242310987,0.10974883274761466,0.0006424664633438214,0.00028156687039881945,3.253325539999423,ok,
parallel_independent,ffill,base_members_half1,member,mlp_seed2,mlp,2.0,0.012100626578081534,0.028568861784914842,2.860143304495112,0.11000284804531896,0.00061585295753076,0.00029586112941615283,3.003137164999316,ok,
parallel_independent,ffill,base_members_half1,member,mlp_seed3,mlp,3.0,0.01312841883563339,0.053871898487434046,4.936133006597794,0.1145793124243351,0.0006684840895410419,0.00031754947849549353,3.19091563100028,ok,
parallel_independent,ffill,base_members_half1,member,mlp_seed4,mlp,4.0,0.014999077696518606,0.07703611917237087,8.89497745090344,0.12247072179308248,0.0006554280418029006,0.00043334029032848775,3.1235566710001876,ok,
parallel_independent,ffill,base_members_half1,member,tcn_seed0,tcn,0.0,0.011691591386912965,0.024135716354494043,2.0013371073434048,0.10812766245005467,0.000616445680161713,0.0002794752945192158,7.5241146459993615,ok,
parallel_independent,ffill,base_members_half1,member,tcn_seed1,tcn,1.0,0.011944431761339015,0.03883373334978361,4.760574349796849,0.10929058404702124,0.0006399285837092187,0.00031165574910119176,7.488356961999671,ok,
parallel_independent,ffill,base_members_half1,member,tcn_seed2,tcn,2.0,0.01171377403290423,0.031597720008978765,4.039781547424323,0.10823019002526157,0.0006206596914866313,0.000300552521366626,7.361253334999674,ok,
parallel_independent,ffill,base_members_half1,member,tcn_seed3,tcn,3.0,0.011677066325798695,0.02529742143247877,2.3819002651674412,0.10806047531729025,0.0006388211247768249,0.0002811496960930526,7.528773486999853,ok,
parallel_independent,ffill,base_members_half1,member,tcn_seed4,tcn,4.0,0.011763753788985549,0.031873018925643516,3.9617489720528276,0.10846083988696358,0.0006318439215961128,0.00030003144638612866,7.406009173000712,ok,
parallel_independent,ffill,fusion_on_half2,ensemble,linear_fusion,fusion_linear,,0.01166878936658225,0.025149559191460176,2.285593111448061,0.10802217071778483,,,,ok,
parallel_independent,fill_zero,base_members_half1,member,gru_seed0,gru,0.0,0.4910590661290886,0.6005188529419926,56.78807654520644,0.7007560674935955,0.026295371947035327,0.008936106227338314,10.521075968000332,ok,
parallel_independent,fill_zero,base_members_half1,member,gru_seed1,gru,1.0,0.48102878869594967,0.6036479958792283,52.6601185830036,0.6935623899087592,0.026310984754061278,0.009648588486015797,10.451236370000515,ok,
parallel_independent,fill_zero,base_members_half1,member,gru_seed2,gru,2.0,0.4793067139069402,0.6000809217545388,49.21553883796299,0.6923198060917658,0.025955747516281838,0.008757738396525383,10.604324444000667,ok,
parallel_independent,fill_zero,base_members_half1,member,gru_seed3,gru,3.0,0.4787345269138158,0.601191940189367,57.140261229580894,0.6919064437579807,0.026582280124446987,0.009279053658246994,10.544214042000021,ok,
parallel_independent,fill_zero,base_members_half1,member,gru_seed4,gru,4.0,0.48766042426306283,0.6020694895897564,52.70685252461011,0.698326874939711,0.026451714683027393,0.008800403214991093,10.524434404000203,ok,
parallel_independent,fill_zero,base_members_half1,member,rnn_seed0,rnn,0.0,0.5014569083563604,0.6069364458375834,54.0201318130984,0.708136221610193,0.027443596788278197,0.009626692160964012,6.212669218999508,ok,
parallel_independent,fill_zero,base_members_half1,member,rnn_seed1,rnn,1.0,0.49617918850903525,0.6011698113687448,53.84816323344832,0.7043998782715931,0.027186274668613893,0.009107387624680996,6.2081889910004975,ok,
parallel_independent,fill_zero,base_members_half1,member,rnn_seed2,rnn,2.0,0.5062941442874342,0.6134106365675303,52.176396133784856,0.7115434943047644,0.02766071970417964,0.009645982645452023,6.313848518000668,ok,
parallel_independent,fill_zero,base_members_half1,member,rnn_seed3,rnn,3.0,0.524567846353274,0.594656703929503,62.053739186314594,0.7242705615674808,0.028079512652702036,0.009431269951164722,6.3198592560002,ok,
parallel_independent,fill_zero,base_members_half1,member,rnn_seed4,rnn,4.0,0.49101969621449004,0.6017781997128558,53.56983675910295,0.700727975903981,0.02742823070755838,0.008857590146362782,6.403596513000593,ok,
parallel_independent,fill_zero,base_members_half1,member,lstm_seed0,lstm,0.0,0.483036029257524,0.6048846642480824,48.872663031541876,0.6950079346723489,0.026263516280899006,0.00923650898039341,7.30170223299956,ok,
parallel_independent,fill_zero,base_members_half1,member,lstm_seed1,lstm,1.0,0.49009702418933293,0.6025622055107861,51.302378015350534,0.700069299562074,0.026404549730364726,0.008707650937139988,7.344373390999863,ok,
parallel_independent,fill_zero,base_members_half1,member,lstm_seed2,lstm,2.0,0.4726153511274183,0.5995328556878987,51.00856145449574,0.6874702547219176,0.025933356609492177,0.009186621755361557,7.2677297400005045,ok,
parallel_independent,fill_zero,base_members_half1,member,lstm_seed3,lstm,3.0,0.48059213176051097,0.5981323291424536,57.68878512832482,0.693247525607204,0.025739634904054415,0.008869227953255177,7.2668152669994015,ok,
parallel_independent,fill_zero,base_members_half1,member,lstm_seed4,lstm,4.0,0.47868546148096675,0.5978029380522967,52.728948463631696,0.691870986153464,0.02576292120744433,0.008963973261415958,7.333470405999833,ok,
parallel_independent,fill_zero,base_members_half1,member,mlp_seed0,mlp,0.0,0.47578824737913306,0.5990489039842494,53.61671141395473,0.6897740553102393,0.026460520956104835,0.009015456773340702,3.101251764999688,ok,
parallel_independent,fill_zero,base_members_half1,member,mlp_seed1,mlp,1.0,0.50873100605248,0.6132795693816518,44.69061005926898,0.7132538160097568,0.026795574274342673,0.010155091062188148,2.930035170999872,ok,
parallel_independent,fill_zero,base_members_half1,member,mlp_seed2,mlp,2.0,0.48845896015516244,0.6044571514198354,61.912843573915275,0.6988983904368091,0.026569315306512655,0.009457973763346672,3.0032820209999045,ok,
parallel_independent,fill_zero,base_members_half1,member,mlp_seed3,mlp,3.0,0.5055508075439875,0.5965597785364939,61.56292751966871,0.7110209613956452,0.026847671363008235,0.009219452738761902,3.0111702579997655,ok,
parallel_independent,fill_zero,base_members_half1,member,mlp_seed4,mlp,4.0,0.4862975405599569,0.6079642670780254,44.868215702865044,0.6973503714489273,0.026617853580850417,0.010157039389014244,2.977601608000441,ok,
parallel_independent,fill_zero,base_members_half1,member,tcn_seed0,tcn,0.0,0.48419072160673443,0.5984089268563809,49.90825609093349,0.695838143253684,0.026620372701271447,0.008659850805997849,7.298309630999938,ok,
parallel_independent,fill_zero,base_members_half1,member,tcn_seed1,tcn,1.0,0.4888636248525655,0.6027130009248046,46.52494091674797,0.6991878323115795,0.02666531102649406,0.009023044258356094,7.239200062999771,ok,
parallel_independent,fill_zero,base_members_half1,member,tcn_seed2,tcn,2.0,0.4854125755152299,0.601380519951306,50.66721064936047,0.6967155628484482,0.026856693579296095,0.008922192268073559,7.262918118000016,ok,
parallel_independent,fill_zero,base_members_half1,member,tcn_seed3,tcn,3.0,0.48315133440914404,0.6062160061355074,49.4245966183346,0.6950908821220029,0.027007415808275738,0.009391083382070065,7.253906621000169,ok,
parallel_independent,fill_zero,base_members_half1,member,tcn_seed4,tcn,4.0,0.47907500612845033,0.601387932302738,51.49134527384652,0.6921524442840973,0.026592985141725665,0.009203406982123852,7.294591096999284,ok,
parallel_independent,fill_zero,fusion_on_half2,ensemble,linear_fusion,fusion_linear,,0.48048512048979747,0.5993352443777725,51.25684806989991,0.6931703401688487,,,,ok,
parallel_independent,fill_mean,base_members_half1,member,gru_seed0,gru,0.0,0.12837676681632057,0.27281895676859036,35.7295066116543,0.35829703713025673,0.009471595274960309,0.005109650548547506,10.450683875000323,ok,
parallel_independent,fill_mean,base_members_half1,member,gru_seed1,gru,1.0,0.1322798185768735,0.27818491010051843,39.67792016888723,0.3637029262693297,0.009729703282525318,0.005571859888732433,10.482737794000059,ok,
parallel_independent,fill_mean,base_members_half1,member,gru_seed2,gru,2.0,0.13144180380574158,0.27595769561401345,36.50626776334273,0.36254903641540903,0.00977541345987568,0.005157239269465208,10.51011349700002,ok,
parallel_independent,fill_mean,base_members_half1,member,gru_seed3,gru,3.0,0.1292420277455525,0.2709756276896897,36.68265432710076,0.3595024725166052,0.009653109389530347,0.005121584050357342,10.40916039700005,ok,
parallel_independent,fill_mean,base_members_half1,member,gru_seed4,gru,4.0,0.1334290980002409,0.2727957903367619,36.361778089365366,0.36527947930350657,0.009416336041207599,0.004999619442969561,10.5376760930003,ok,
parallel_independent,fill_mean,base_members_half1,member,rnn_seed0,rnn,0.0,0.14740128644880854,0.2962429048971335,42.360999257570526,0.3839287517871103,0.010423975246669971,0.006014348939061165,6.166121342999759,ok,
parallel_independent,fill_mean,base_members_half1,member,rnn_seed1,rnn,1.0,0.14831406093309374,0.2928096791426535,37.671920362641366,0.38511564618059047,0.010280274270943045,0.005565373692661524,6.232766473000083,ok,
parallel_independent,fill_mean,base_members_half1,member,rnn_seed2,rnn,2.0,0.14433876176095792,0.2866270981530751,39.50514238855979,0.37991941482498354,0.010405079094874384,0.005816255696117878,6.330170101000476,ok,
parallel_independent,fill_mean,base_members_half1,member,rnn_seed3,rnn,3.0,0.14199558946858118,0.27008433002144183,36.88638838924662,0.37682302141533386,0.01029959872397965,0.005788004957139492,6.338464866999857,ok,
parallel_independent,fill_mean,base_members_half1,member,rnn_seed4,rnn,4.0,0.1393251606489576,0.27777173322915727,37.26031219497145,0.37326285731232034,0.010432553143792711,0.0054516978561878204,6.222090346999721,ok,
parallel_independent,fill_mean,base_members_half1,member,lstm_seed0,lstm,0.0,0.13408904551553003,0.2770836230451792,34.591540122392935,0.36618171106095676,0.009598119839597328,0.005191999487578869,7.309032350000052,ok,
parallel_independent,fill_mean,base_members_half1,member,lstm_seed1,lstm,1.0,0.13170635912116618,0.27261968416882343,35.86347288197534,0.36291370754101615,0.009509759155654274,0.00501408614218235,7.314779755000018,ok,
parallel_independent,fill_mean,base_members_half1,member,lstm_seed2,lstm,2.0,0.12939614579752737,0.2743058826106964,36.30861318869803,0.35971675773798384,0.009584897379102432,0.005149275064468384,7.387218808999933,ok,
parallel_independent,fill_mean,base_members_half1,member,lstm_seed3,lstm,3.0,0.1308440252871873,0.27033353721127906,35.03780287561343,0.36172368637841135,0.009701078250773449,0.005079956259578466,7.290327081000214,ok,
parallel_independent,fill_mean,base_members_half1,member,lstm_seed4,lstm,4.0,0.1289995484609066,0.27228424634986936,34.75365717632447,0.359165071326412,0.009499787377704561,0.005082752555608749,7.282454889000292,ok,
parallel_independent,fill_mean,base_members_half1,member,mlp_seed0,mlp,0.0,0.1345325743469315,0.28382339873919965,39.45153939994757,0.3667868241184946,0.009845315585885427,0.005610864143818617,3.3094904620002126,ok,
parallel_independent,fill_mean,base_members_half1,member,mlp_seed1,mlp,1.0,0.13648917108438036,0.2801271768920394,38.54420356048168,0.36944440865220896,0.009867741512052254,0.005371504928916693,3.05198456800008,ok,
parallel_independent,fill_mean,base_members_half1,member,mlp_seed2,mlp,2.0,0.13191470158240118,0.2720469498752013,35.442568779907276,0.36320063543777176,0.009880863871853964,0.005134138278663158,3.1140577850001137,ok,
parallel_independent,fill_mean,base_members_half1,member,mlp_seed3,mlp,3.0,0.1518329760813774,0.2812254288508609,32.45235067199042,0.3896575112600518,0.009750487538367774,0.005541433114558458,2.9912486920002266,ok,
parallel_independent,fill_mean,base_members_half1,member,mlp_seed4,mlp,4.0,0.13915121003355424,0.29298678733494327,42.17441505668959,0.37302977097485696,0.010051835934112293,0.006087793502956629,2.9074257299998862,ok,
parallel_independent,fill_mean,base_members_half1,member,tcn_seed0,tcn,0.0,0.13776025389539515,0.2727229272611675,37.68206098126586,0.37116068473828845,0.009960050641072799,0.00551735982298851,7.391744857000049,ok,
parallel_independent,fill_mean,base_members_half1,member,tcn_seed1,tcn,1.0,0.1388176206545553,0.28016457200009054,34.8705631231003,0.3725823676109154,0.009869700396614792,0.005332186818122864,7.389195146999555,ok,
parallel_independent,fill_mean,base_members_half1,member,tcn_seed2,tcn,2.0,0.13294229079944272,0.27204014753206496,37.46861093997781,0.36461252145180467,0.009743957586619443,0.005267202388495207,7.3885541899999225,ok,
parallel_independent,fill_mean,base_members_half1,member,tcn_seed3,tcn,3.0,0.13708194742347732,0.2772097263674375,35.58462012940383,0.3702457932556119,0.010215931019819944,0.005489085800945759,7.260070457000438,ok,
parallel_independent,fill_mean,base_members_half1,member,tcn_seed4,tcn,4.0,0.13453079679563565,0.28409102738520386,36.03526995616132,0.3667844009709732,0.010014752758485554,0.005549708381295204,7.399230203000116,ok,
parallel_independent,fill_mean,fusion_on_half2,ensemble,linear_fusion,fusion_linear,,0.13019598098457635,0.2709403157531317,35.00966420890948,0.36082680192105515,,,,ok,
parallel_independent,window_mean,base_members_half1,member,gru_seed0,gru,0.0,0.012037937709405764,0.029008414704735877,2.777539772432732,0.10971753601592484,0.0006623328961046933,0.00028718780959025025,10.831977019000078,ok,
parallel_independent,window_mean,base_members_half1,member,gru_seed1,gru,1.0,0.012757181548797734,0.04352395175236346,3.7836774908333113,0.11294769386223755,0.0006684536810203139,0.0002988535852637142,10.549666974000502,ok,
parallel_independent,window_mean,base_members_half1,member,gru_seed2,gru,2.0,0.013173500290268233,0.054607548451354196,9.034229970505734,0.11477586980837144,0.0006493976958089846,0.00046411665971390903,10.655519893000019,ok,
parallel_independent,window_mean,base_members_half1,member,gru_seed3,gru,3.0,0.012322349619738422,0.03227364722775251,2.4828983686050603,0.1110060792017195,0.0006638269123466237,0.00029274518601596355,10.874650551999366,ok,
parallel_independent,window_mean,base_members_half1,member,gru_seed4,gru,4.0,0.012090923694307334,0.03156169193301584,3.729130867069345,0.10995873632552956,0.000666184899362038,0.0002991739602293819,10.581666360999407,ok,
parallel_independent,window_mean,base_members_half1,member,rnn_seed0,rnn,0.0,0.013515932902728851,0.059067979121678195,7.569484773797012,0.11625804446458254,0.0006994099101543362,0.000405964587116614,6.504346545999397,ok,
parallel_independent,window_mean,base_members_half1,member,rnn_seed1,rnn,1.0,0.01371221922722557,0.046384753616631115,5.662079625522492,0.11709918542511545,0.0007077513471378665,0.00037852884270250797,6.5523637070000404,ok,
parallel_independent,window_mean,base_members_half1,member,rnn_seed2,rnn,2.0,0.013475060338873815,0.04592887994929382,6.111789450748059,0.11608212756007626,0.0007031215728417428,0.0003526169457472861,6.3569046399998115,ok,
parallel_independent,window_mean,base_members_half1,member,rnn_seed3,rnn,3.0,0.012831574655336912,0.040446338504295555,5.380048602638383,0.11327654062221759,0.0007128435808331273,0.0003298571682535112,6.287735459000032,ok,
parallel_independent,window_mean,base_members_half1,member,rnn_seed4,rnn,4.0,0.01425919901527402,0.04950040762356356,4.451011748040348,0.11941188808185733,0.0006781814758528324,0.0003538654127623886,6.3826109960000394,ok,
parallel_independent,window_mean,base_members_half1,member,lstm_seed0,lstm,0.0,0.012119335693511825,0.03128739111178723,3.7209540487495856,0.11008785443232066,0.0006605764880496442,0.00029994567739777267,7.358307534999767,ok,
parallel_independent,window_mean,base_members_half1,member,lstm_seed1,lstm,1.0,0.01209579795668654,0.03070230237101875,2.774243916777403,0.10998089814457117,0.0006700481017830007,0.0002888993767555803,7.251454533000469,ok,
parallel_independent,window_mean,base_members_half1,member,lstm_seed2,lstm,2.0,0.01277238874146293,0.03642241537806596,4.6134283499850905,0.11301499343654775,0.0006644962253856455,0.00034063137718476355,7.149103963000016,ok,
parallel_independent,window_mean,base_members_half1,member,lstm_seed3,lstm,3.0,0.015710130949190455,0.07546846083168231,9.141747866407368,0.12534006123020067,0.0006664666391859414,0.000436345610069111,7.33248295499925,ok,
parallel_independent,window_mean,base_members_half1,member,lstm_seed4,lstm,4.0,0.012170377253595044,0.028995539004903783,2.32985380448056,0.11031943280127506,0.0006524068112814782,0.00029018850182183087,7.366843957999663,ok,
parallel_independent,window_mean,base_members_half1,member,mlp_seed0,mlp,0.0,0.013319490803870633,0.03964939973741442,3.2750346205207865,0.1154100983617579,0.0006677587392817991,0.00031415774719789624,3.042613609,ok,
parallel_independent,window_mean,base_members_half1,member,mlp_seed1,mlp,1.0,0.01243944061060903,0.03039156461660679,2.135865992021202,0.11153224022949162,0.0006584499943987271,0.00028553433367051184,2.9851614859999245,ok,
parallel_independent,window_mean,base_members_half1,member,mlp_seed2,mlp,2.0,0.013162041269911771,0.039193676062963805,3.9242738972870934,0.1147259398301525,0.000644848418329452,0.00032636322430334985,2.921229108999796,ok,
parallel_independent,window_mean,base_members_half1,member,mlp_seed3,mlp,3.0,0.013679985464263602,0.0561575016632746,4.828694529798953,0.11696146999872907,0.0006951067666986759,0.00032508454751223326,2.9572699569998804,ok,
parallel_independent,window_mean,base_members_half1,member,mlp_seed4,mlp,4.0,0.013231459434621612,0.05328344015260001,5.74076020641366,0.11502808106989185,0.0006702414033562306,0.0003366480814293027,2.942100247999406,ok,
parallel_independent,window_mean,base_members_half1,member,tcn_seed0,tcn,0.0,0.0123081903688024,0.029732462945716628,2.2364525501933676,0.11094228395342508,0.0006461789987115159,0.00029165076557546854,7.262868195999545,ok,
parallel_independent,window_mean,base_members_half1,member,tcn_seed1,tcn,1.0,0.012698967308699767,0.04628804790473182,5.206772663084718,0.11268969477596329,0.0006913053552592168,0.0003267095307819545,7.352188845000455,ok,
parallel_independent,window_mean,base_members_half1,member,tcn_seed2,tcn,2.0,0.012333771182072335,0.0362508550435203,4.1219474642202405,0.1110575129474469,0.0006544081049783138,0.00030811704345978796,7.36171043900049,ok,
parallel_independent,window_mean,base_members_half1,member,tcn_seed3,tcn,3.0,0.012514494616221634,0.03120380014445615,2.867787648244176,0.1118682019888656,0.0006750742554968141,0.0002949128102045506,7.363232179000079,ok,
parallel_independent,window_mean,base_members_half1,member,tcn_seed4,tcn,4.0,0.012330137253502635,0.03618839084401283,4.253386930233883,0.11104115117154827,0.0006661410475357341,0.00031194824259728193,7.34872929499943,ok,
parallel_independent,window_mean,fusion_on_half2,ensemble,linear_fusion,fusion_linear,,0.011973820728134478,0.0286931232964246,2.6173280637937815,0.10942495477784982,,,,ok,
parallel_independent,predictive_imputer,base_members_half1,member,gru_seed0,gru,0.0,0.014980300828791506,0.04947341551811941,5.9059017816087485,0.12239403918815453,0.0029826280887576594,0.0019982745870947838,10.486995139999635,ok,
parallel_independent,predictive_imputer,base_members_half1,member,gru_seed1,gru,1.0,0.01595626053413915,0.04384312854433605,7.386661011588444,0.12631809266347854,0.0030787602650100545,0.0020271223038434982,10.728921718000493,ok,
parallel_independent,predictive_imputer,base_members_half1,member,gru_seed2,gru,2.0,0.018882751921977168,0.0658288628463093,8.271720422438799,0.13741452587691436,0.0031074554900498647,0.0019844553899019957,10.42394654599957,ok,
parallel_independent,predictive_imputer,base_members_half1,member,gru_seed3,gru,3.0,0.014929394492064525,0.055401060355080856,9.027185763273152,0.12218590136371923,0.0030452466891270824,0.002024427056312561,10.60256881299938,ok,
parallel_independent,predictive_imputer,base_members_half1,member,gru_seed4,gru,4.0,0.01615406603203449,0.04063382811893473,5.000915169955665,0.12709864685367225,0.0031347749049082992,0.002061764942482114,10.744127484000273,ok,
parallel_independent,predictive_imputer,base_members_half1,member,rnn_seed0,rnn,0.0,0.014571519892066202,0.04164231422719757,7.370448402416666,0.1207125506816346,0.003331294462529827,0.0020349519327282906,6.275888146999932,ok,
parallel_independent,predictive_imputer,base_members_half1,member,rnn_seed1,rnn,1.0,0.016322602431198856,0.05706368143554757,9.384353274894098,0.1277599406355484,0.0033273448326946358,0.0022057024762034416,6.324258493999878,ok,
parallel_independent,predictive_imputer,base_members_half1,member,rnn_seed2,rnn,2.0,0.01649099969822742,0.05556253317892276,7.301733705000723,0.12841728738073943,0.003308229752099224,0.0020882084500044584,6.320301144999576,ok,
parallel_independent,predictive_imputer,base_members_half1,member,rnn_seed3,rnn,3.0,0.02212978166242211,0.08302835828907848,10.882540450393503,0.1487608203204799,0.0033418841616753322,0.002149805426597595,6.340738410000085,ok,
parallel_independent,predictive_imputer,base_members_half1,member,rnn_seed4,rnn,4.0,0.02080343888759062,0.059506458524162385,6.157356375513692,0.1442339727234559,0.0033873158921199167,0.0020872291643172503,6.190485688999615,ok,
parallel_independent,predictive_imputer,base_members_half1,member,lstm_seed0,lstm,0.0,0.01583821584211383,0.05435884958256717,6.153924843356111,0.12584997354832392,0.003098939655686572,0.0021201507188379765,7.236768593999841,ok,
parallel_independent,predictive_imputer,base_members_half1,member,lstm_seed1,lstm,1.0,0.02492001314072033,0.09903672228057699,8.431264063988516,0.15786073970661713,0.0031902773276927462,0.0022347026970237494,7.133753486000387,ok,
parallel_independent,predictive_imputer,base_members_half1,member,lstm_seed2,lstm,2.0,0.01488250672554636,0.0442521524808836,4.316261354453875,0.12199387986922278,0.0030734073102836853,0.001996484352275729,7.225142205999873,ok,
parallel_independent,predictive_imputer,base_members_half1,member,lstm_seed3,lstm,3.0,0.014677293226041409,0.03621429842019626,5.522932335341173,0.12114987918294186,0.0031248303861728154,0.002043795073404908,7.1657417529995655,ok,
parallel_independent,predictive_imputer,base_members_half1,member,lstm_seed4,lstm,4.0,0.01667111958678294,0.04516966643676555,4.785270107820479,0.12911668980725513,0.0031407675211342564,0.002025987021625042,7.21309697200013,ok,
parallel_independent,predictive_imputer,base_members_half1,member,mlp_seed0,mlp,0.0,0.01806567828938755,0.09474326989859173,14.154522505086945,0.13440862431178868,0.0031920471939513775,0.002407154068350792,3.0104606519998924,ok,
parallel_independent,predictive_imputer,base_members_half1,member,mlp_seed1,mlp,1.0,0.01375838949320515,0.03761297968505836,6.009178887840174,0.11729616145980716,0.003187406030318708,0.002173549495637417,3.0425719929999104,ok,
parallel_independent,predictive_imputer,base_members_half1,member,mlp_seed2,mlp,2.0,0.015162956088418205,0.0520932146976009,6.192888805923856,0.12313795551501659,0.0032921974615202146,0.0020761853083968163,3.1750808760007203,ok,
parallel_independent,predictive_imputer,base_members_half1,member,mlp_seed3,mlp,3.0,0.02067434021277112,0.07522415721337992,7.050762150175983,0.1437857441221873,0.00325419292301022,0.0020188591443002224,3.016687655000169,ok,
parallel_independent,predictive_imputer,base_members_half1,member,mlp_seed4,mlp,4.0,0.013633959207317215,0.03872923743528547,4.683806312771823,0.11676454602025914,0.0032777958116865,0.0020609416533261538,3.0555343159994663,ok,
parallel_independent,predictive_imputer,base_members_half1,member,tcn_seed0,tcn,0.0,0.014229204761223371,0.03375812918242636,5.598188504325484,0.11928623039237753,0.0032271527174233864,0.002089384477585554,7.359111553999355,ok,
parallel_independent,predictive_imputer,base_members_half1,member,tcn_seed1,tcn,1.0,0.018039882194977562,0.06965627226682569,7.669611905591199,0.13431262857593682,0.0032695400089734292,0.002095986856147647,7.1937755809995,ok,
parallel_independent,predictive_imputer,base_members_half1,member,tcn_seed2,tcn,2.0,0.01594189608107569,0.04222851743804076,7.239031963503852,0.12626122160455952,0.003291818374083831,0.0021616192534565926,7.472979799999848,ok,
parallel_independent,predictive_imputer,base_members_half1,member,tcn_seed3,tcn,3.0,0.01493749660032446,0.038170826424254026,4.6815699633651935,0.1222190517076796,0.003338747438397753,0.002052983269095421,7.367483402999824,ok,
parallel_independent,predictive_imputer,base_members_half1,member,tcn_seed4,tcn,4.0,0.01709594182873424,0.08685267154900456,10.918239504897,0.13075145057984727,0.0034649209438748986,0.002345810178667307,7.30192644699946,ok,
parallel_independent,predictive_imputer,fusion_on_half2,ensemble,linear_fusion,fusion_linear,,0.015650352799356185,0.038954268590190994,4.307570565209842,0.12510137009384104,,,,ok,
